ID_LAUDO;DATA;LOTE;CODPROD_PA;DESCRICAO_PA;DENSIDADE;METODO_LAUDO;PADRAO_LAUDO;CODPROD_SA;DESCRICAO_SA;QT_PRODUZIDA;PESO_FORMULA;LITRAGEM
32696;01/02/2023;59299;1609;"ESMALTE SINT BRILHANTE 0,9L MARROM";0,952;DENSIDADE;0,940(G/CMÂ³);1532;"ESMALTE SINT BRILHANTE MARROM - SA";90;0,846;0,900
32696;01/02/2023;59299;1581;"ESMALTE SINT BRILHANTE 3,6L MARROM";0,952;DENSIDADE;0,940(G/CMÂ³);1532;"ESMALTE SINT BRILHANTE MARROM - SA";148;3,384;3,600
32695;01/02/2023;59361;991;"FIT ACR FS ECONOMICO 16L PALHA";1,340;"MT 020 - DENSIDADE";"1,33 - 1,37 G/CMÂ³";983;"FIT ACR ECONOMICO  PALHA - SA";218;21,520;16,000
32695;01/02/2023;59361;1013;"FIT ACR FS ECONOMICO 3,6L PALHA";1,340;"MT 020 - DENSIDADE";"1,33 - 1,37 G/CMÂ³";983;"FIT ACR ECONOMICO  PALHA - SA";80;4,842;3,600
32682;01/02/2023;59318;999;"FIT MASSA CORRIDA PVA 25KG";1,713;DENSIDADE;"1,70-1,75 (G/CMÂ³)";1000;"FIT MASSA CORRIDA PVA - SA";120;25,000;14,880
32683;01/02/2023;59320;999;"FIT MASSA CORRIDA PVA 25KG";1,715;DENSIDADE;"1,70-1,75 (G/CMÂ³)";1000;"FIT MASSA CORRIDA PVA - SA";121;25,000;14,880
32681;01/02/2023;59317;999;"FIT MASSA CORRIDA PVA 25KG";1,718;DENSIDADE;"1,70-1,75 (G/CMÂ³)";1000;"FIT MASSA CORRIDA PVA - SA";120;25,000;14,880
32677;01/02/2023;59319;999;"FIT MASSA CORRIDA PVA 25KG";1,713;DENSIDADE;"1,70-1,75 (G/CMÂ³)";1000;"FIT MASSA CORRIDA PVA - SA";121;25,000;14,880
32690;01/02/2023;59363;1008;"FIT SELADOR ACRILICO KOKAR 16L";1,360;"MT 020 - DENSIDADE";"1,35 - 1,38 G/CMÂ³";1007;"FIT SELADOR ACRILICO - SA";232;21,600;16,000
32697;01/02/2023;59352;2562;"FUNDO E ACABAMENTO 18L PRETO";1,020;DENSIDADE;1,00-1,05;2561;"FUNDO E ACABAMENTO PRETO - SA";27;18,900;18,000
32697;01/02/2023;59352;2563;"FUNDO E ACABAMENTO 3,6L PRETO";1,020;DENSIDADE;1,00-1,05;2561;"FUNDO E ACABAMENTO PRETO - SA";40;3,780;3,600
32692;01/02/2023;59333;2116;"STANDARD FS 18L AREIA ";1,310;"MT 020 - DENSIDADE";(1,30-1,34);2089;"STANDARD FS AREIA - SA ";85;23,400;18,000
32689;01/02/2023;59334;2170;"STANDARD FS 18L VERDE MUSGO ";1,253;"MT 020 - DENSIDADE";1,26-1,30;2163;"STANDARD FS VERDE MUSGO- SA";64;23,040;18,000
32692;01/02/2023;59333;2117;"STANDARD FS 3,6L AREIA";1,310;"MT 020 - DENSIDADE";(1,30-1,34);2089;"STANDARD FS AREIA - SA ";21;4,680;3,600
32689;01/02/2023;59334;2171;"STANDARD FS 3,6L VERDE MUSGO";1,253;"MT 020 - DENSIDADE";1,26-1,30;2163;"STANDARD FS VERDE MUSGO- SA";22;4,608;3,600
32691;01/02/2023;59366;2962;"STANDARD SB 18L TURMALINA AZUL";1,154;DENSIDADE;1,15-1,22;2933;"STANDARD SB TURMALINA - SA";12;21,060;18,000
32691;01/02/2023;59366;2991;"STANDARD SB 3,6L TURMALINA AZUL";1,154;DENSIDADE;1,15-1,22;2933;"STANDARD SB TURMALINA - SA";13;4,212;3,600
32693;01/02/2023;59358;378;"TINTA PISO KOKAR 18L CINZA";1,310;"MT 020 - DENSIDADE";"1,30 - 1,35 (G/CMÂ³)";720;"TINTA PISO KOKAR CINZA - SA";74;24,120;18,000
32693;01/02/2023;59358;390;"TINTA PISO KOKAR 3,6L CINZA";1,310;"MT 020 - DENSIDADE";"1,30 - 1,35 (G/CMÂ³)";720;"TINTA PISO KOKAR CINZA - SA";84;4,824;3,600
32685;02/02/2023;59359;17;"ECONOMICO FOSCO 18L AREIA";1,335;"MT 020 - DENSIDADE";"1,32 - 1,37 (G/CMÂ³)";627;"ECONOMICO FOSCO AREIA - SA";60;24,120;18,000
32685;02/02/2023;59359;37;"ECONOMICO FOSCO 3,6L AREIA";1,335;"MT 020 - DENSIDADE";"1,32 - 1,37 (G/CMÂ³)";627;"ECONOMICO FOSCO AREIA - SA";30;4,824;3,600
32700;02/02/2023;59340;1603;"ESMALTE SINT BRILHANTE 0,9L CINZA MEDIO";0,970;"MT 020 - DENSIDADE ";"0,94 - 1,00 (G/CMÂ³)";1527;"ESMALTE SINT BRILHANTE CINZA MEDIO - SA";97;0,900;0,900
32698;02/02/2023;59342;1618;"ESMALTE SINT BRILHANTE 0,9L VERMELHO";0,930;DENSIDADE;"0,95-0,98 (G/CMÂ³)";1541;"ESMALTE SINT BRILHANTE VERMELHO - SA";120;0,873;0,900
32700;02/02/2023;59340;1576;"ESMALTE SINT BRILHANTE 3,6L CINZA MEDIO";0,970;"MT 020 - DENSIDADE ";"0,94 - 1,00 (G/CMÂ³)";1527;"ESMALTE SINT BRILHANTE CINZA MEDIO - SA";207;3,600;3,600
32698;02/02/2023;59342;1590;"ESMALTE SINT BRILHANTE 3,6L VERMELHO";0,930;DENSIDADE;"0,95-0,98 (G/CMÂ³)";1541;"ESMALTE SINT BRILHANTE VERMELHO - SA";213;3,492;3,600
32699;02/02/2023;59337;1623;"ESMALTE SINT FOSCO 0,9L PRETO";1,170;"MT 020 - DENSIDADE";"1,15 - 1,20 (G/CMÂ³)";1543;"ESMALTE SINT FOSCO PRETO - SA";80;1,044;0,900
32699;02/02/2023;59337;1621;"ESMALTE SINT FOSCO 3,6L PRETO";1,170;"MT 020 - DENSIDADE";"1,15 - 1,20 (G/CMÂ³)";1543;"ESMALTE SINT FOSCO PRETO - SA";111;4,176;3,600
32687;02/02/2023;59381;981;"FIT ACR FS ECONOMICO 16L BRANCO NEVE ";1,337;"MT 020 - DENSIDADE";"1,30- 1,35 G/CMÂ³";980;"FIT ACR ECONOMICO  BRANCO NEVE - SA";222;21,600;16,000
32684;02/02/2023;59356;2704;"FIT ACR FS ECONOMICO 16L LILAS";1,320;DENSIDADE;"1,32-1,37 G/CM3";2694;"FIT ACR FS ECONOMICO LILAS - SA";44;21,440;16,000
32687;02/02/2023;59381;1011;"FIT ACR FS ECONOMICO 3,6L BRANCO NEVE";1,337;"MT 020 - DENSIDADE";"1,30- 1,35 G/CMÂ³";980;"FIT ACR ECONOMICO  BRANCO NEVE - SA";100;4,860;3,600
32684;02/02/2023;59356;2699;"FIT ACR FS ECONOMICO 3,6L LILAS";1,320;DENSIDADE;"1,32-1,37 G/CM3";2694;"FIT ACR FS ECONOMICO LILAS - SA";20;4,824;3,600
32666;02/02/2023;59410;999;"FIT MASSA CORRIDA PVA 25KG";1,720;DENSIDADE;"1,70-1,75 (G/CMÂ³)";1000;"FIT MASSA CORRIDA PVA - SA";119;25,000;14,880
32667;02/02/2023;59377;999;"FIT MASSA CORRIDA PVA 25KG";1,719;DENSIDADE;"1,70-1,75 (G/CMÂ³)";1000;"FIT MASSA CORRIDA PVA - SA";139;25,000;14,880
32671;02/02/2023;59374;999;"FIT MASSA CORRIDA PVA 25KG";1,718;DENSIDADE;"1,70-1,75 (G/CMÂ³)";1000;"FIT MASSA CORRIDA PVA - SA";120;25,000;14,880
32673;02/02/2023;59375;999;"FIT MASSA CORRIDA PVA 25KG";1,716;DENSIDADE;"1,70-1,75 (G/CMÂ³)";1000;"FIT MASSA CORRIDA PVA - SA";121;25,000;14,880
32669;02/02/2023;59376;999;"FIT MASSA CORRIDA PVA 25KG";1,716;DENSIDADE;"1,70-1,75 (G/CMÂ³)";1000;"FIT MASSA CORRIDA PVA - SA";120;25,000;14,880
32665;02/02/2023;59348;1;"MASSA CORRIDA PVA KOKAR 15KG";1,718;"MT 020- DENSIDADE";"1,70-1,75 ( G/CMÂ³)";476;"MASSA CORRIDA PVA KOKAR - SA";198;15,000;9,000
32663;02/02/2023;59349;1;"MASSA CORRIDA PVA KOKAR 15KG";1,709;"MT 020- DENSIDADE";"1,70-1,75 ( G/CMÂ³)";476;"MASSA CORRIDA PVA KOKAR - SA";196;15,000;9,000
32662;02/02/2023;59350;1;"MASSA CORRIDA PVA KOKAR 15KG";1,713;"MT 020- DENSIDADE";"1,70-1,75 ( G/CMÂ³)";476;"MASSA CORRIDA PVA KOKAR - SA";200;15,000;9,000
32688;02/02/2023;59387;2121;"STANDARD FS 18L VERDE LIMAO ";1,329;"MT 020 - DENSIDADE";1,30-1,34;2092;"STANDARD FS VERDE LIMAO - SA";37;23,760;18,000
32688;02/02/2023;59387;2122;"STANDARD FS 3,6L VERDE LIMAO";1,329;"MT 020 - DENSIDADE";1,30-1,34;2092;"STANDARD FS VERDE LIMAO - SA";24;4,752;3,600
32686;02/02/2023;59390;225;"STANDARD SB 18L BRANCO GELO";1,131;"MT 020 - DENSIDADE";"1,12-1,20 G/CMÂ³";610;"STANDARD SB  BRANCO GELO - SA";94;21,240;18,000
32714;03/02/2023;59316;1594;"ESMALTE SINT BRILHANTE 0,9L AREIA";0,960;MT020-DENSIDADE;"0,96 - 1,01 G/CMÂ³";1520;"ESMALTE SINT BRILHANTE AREIA - SA";60;0,882;0,900
32713;03/02/2023;59370;1605;"ESMALTE SINT BRILHANTE 0,9L COLORADO";0,952;DENSIDADE;"MIN.0,94 (G/CMÂ³)";1528;"ESMALTE SINT BRILHANTE COLORADO - SA";60;0,855;0,900
32714;03/02/2023;59316;1568;"ESMALTE SINT BRILHANTE 3,6L AREIA";0,960;MT020-DENSIDADE;"0,96 - 1,01 G/CMÂ³";1520;"ESMALTE SINT BRILHANTE AREIA - SA";146;3,528;3,600
32713;03/02/2023;59370;1577;"ESMALTE SINT BRILHANTE 3,6L COLORADO";0,952;DENSIDADE;"MIN.0,94 (G/CMÂ³)";1528;"ESMALTE SINT BRILHANTE COLORADO - SA";133;3,420;3,600
32709;03/02/2023;59405;981;"FIT ACR FS ECONOMICO 16L BRANCO NEVE ";1,340;"MT 020 - DENSIDADE";"1,30- 1,35 G/CMÂ³";980;"FIT ACR ECONOMICO  BRANCO NEVE - SA";231;21,600;16,000
32705;03/02/2023;59413;999;"FIT MASSA CORRIDA PVA 25KG";1,720;DENSIDADE;"1,70-1,75 (G/CMÂ³)";1000;"FIT MASSA CORRIDA PVA - SA";121;25,000;14,880
32706;03/02/2023;59412;999;"FIT MASSA CORRIDA PVA 25KG";1,709;DENSIDADE;"1,70-1,75 (G/CMÂ³)";1000;"FIT MASSA CORRIDA PVA - SA";120;25,000;14,880
32703;03/02/2023;59411;999;"FIT MASSA CORRIDA PVA 25KG";1,712;DENSIDADE;"1,70-1,75 (G/CMÂ³)";1000;"FIT MASSA CORRIDA PVA - SA";118;25,000;14,880
32701;03/02/2023;59378;1;"MASSA CORRIDA PVA KOKAR 15KG";1,712;"MT 020- DENSIDADE";"1,70-1,75 ( G/CMÂ³)";476;"MASSA CORRIDA PVA KOKAR - SA";200;15,000;9,000
32702;03/02/2023;59379;1;"MASSA CORRIDA PVA KOKAR 15KG";1,719;"MT 020- DENSIDADE";"1,70-1,75 ( G/CMÂ³)";476;"MASSA CORRIDA PVA KOKAR - SA";195;15,000;9,000
32712;03/02/2023;59353;170;"PREMIUM ACET SEDA 18L BRANCO GELO";1,150;"MT 020 - DENSIDADE";"1,15 - 1,18 (G/CMÂ³)";556;"PREMIUM ACET SEDA BRANCO GELO - SA";76;20,880;18,000
32712;03/02/2023;59353;175;"PREMIUM ACET SEDA 3,6L BRANCO GELO";1,150;"MT 020 - DENSIDADE";"1,15 - 1,18 (G/CMÂ³)";556;"PREMIUM ACET SEDA BRANCO GELO - SA";80;4,176;3,600
32710;03/02/2023;59360;2844;"STANDARD FS 18L TURMALINA AZUL";1,295;DENSIDADE;"1,32-1,37 G/CM3";2814;"STANDARD FS TURMALINA  - SA";23;23,580;18,000
32710;03/02/2023;59360;2873;"STANDARD FS 3,6L TURMALINA AZUL";1,295;DENSIDADE;"1,32-1,37 G/CM3";2814;"STANDARD FS TURMALINA  - SA";3;4,716;3,600
32711;03/02/2023;59382;1859;"TINTA PISO KOKAR 18L CINZA ESCURO";1,251;"MT 020 - DENSIDADE";"1,24 - 1,26 G/CMÂ³";1858;"TINTA PISO KOKAR CINZA ESCURO - SA";213;22,500;18,000
32711;03/02/2023;59382;1860;"TINTA PISO KOKAR 3,6L CINZA ESCURO";1,251;"MT 020 - DENSIDADE";"1,24 - 1,26 G/CMÂ³";1858;"TINTA PISO KOKAR CINZA ESCURO - SA";101;4,500;3,600
32729;06/02/2023;59415;1612;"ESMALTE SINT BRILHANTE 0,9L PRETO";0,964;"MT 020 - DENSIDADE ";"0,95 - 1,02 (G/CMÂ³)";1535;"ESMALTE SINT BRILHANTE PRETO - SA";60;0,873;0,900
32729;06/02/2023;59415;1584;"ESMALTE SINT BRILHANTE 3,6L PRETO";0,964;"MT 020 - DENSIDADE ";"0,95 - 1,02 (G/CMÂ³)";1535;"ESMALTE SINT BRILHANTE PRETO - SA";127;3,528;3,600
32718;06/02/2023;59414;999;"FIT MASSA CORRIDA PVA 25KG";1,708;DENSIDADE;"1,70-1,75 (G/CMÂ³)";1000;"FIT MASSA CORRIDA PVA - SA";119;25,000;14,880
32719;06/02/2023;59427;999;"FIT MASSA CORRIDA PVA 25KG";1,712;DENSIDADE;"1,70-1,75 (G/CMÂ³)";1000;"FIT MASSA CORRIDA PVA - SA";120;25,000;14,880
32716;06/02/2023;59407;1;"MASSA CORRIDA PVA KOKAR 15KG";1,719;"MT 020- DENSIDADE";"1,70-1,75 ( G/CMÂ³)";476;"MASSA CORRIDA PVA KOKAR - SA";197;15,000;9,000
32722;06/02/2023;59409;1;"MASSA CORRIDA PVA KOKAR 15KG";1,730;"MT 020- DENSIDADE";"1,70-1,75 ( G/CMÂ³)";476;"MASSA CORRIDA PVA KOKAR - SA";198;15,000;9,000
32727;06/02/2023;59386;7;"SELADOR ACRILICO KOKAR 18LT ";1,352;"MT 020- DENSIDADE";"1,30-1,38 G/CMÂ³";480;"SELADOR ACRILICO KOKAR - SA";63;23,490;18,000
32725;06/02/2023;59422;2839;"STANDARD FS 18L AMAZONITA";1,319;DENSIDADE;"1,32-1,37 G/CM3";2809;"STANDARD FS AMAZONITA - SA";38;23,580;18,000
32728;06/02/2023;59389;2831;"STANDARD FS 18L ANDIROBA";1,290;DENSIDADE;"1,32-1,37 G/CM3";2801;"STANDARD FS ANDIROBA - SA";22;23,400;18,000
32725;06/02/2023;59422;2868;"STANDARD FS 3,6L AMAZONITA";1,319;DENSIDADE;"1,32-1,37 G/CM3";2809;"STANDARD FS AMAZONITA - SA";20;4,716;3,600
32724;06/02/2023;59391;376;"TINTA PISO KOKAR 18L AZUL";1,330;"MT 020 - DENSIDADE";"1,30 - 1,35 (G/CMÂ³)";719;"TINTA PISO KOKAR AZUL - SA";60;24,120;18,000
32726;06/02/2023;59419;379;"TINTA PISO KOKAR 18L CONCRETO";1,350;"MT 020 - DENSIDADE";"1,30 - 1,35 (G/CMÂ³)";721;"TINTA PISO KOKAR CONCRETO - SA";78;24,120;18,000
32724;06/02/2023;59391;388;"TINTA PISO KOKAR 3,6L AZUL";1,330;"MT 020 - DENSIDADE";"1,30 - 1,35 (G/CMÂ³)";719;"TINTA PISO KOKAR AZUL - SA";40;4,824;3,600
32726;06/02/2023;59419;391;"TINTA PISO KOKAR 3,6L CONCRETO";1,350;"MT 020 - DENSIDADE";"1,30 - 1,35 (G/CMÂ³)";721;"TINTA PISO KOKAR CONCRETO - SA";40;4,824;3,600
30022;07/02/2023;56326;3587;"ESMALTE SINT ACETINADO 3,6L BRANCO NEVE";1,193;" MT 020-DENSIDADE";"1,15 - 1,25";3583;"ESMALTE SINT ACETINADO BRANCO NEVE - SA";4;4,320;3,600
32740;07/02/2023;59416;1611;"ESMALTE SINT BRILHANTE 0,9L PLATINA";0,981;"MT 020 - DENSIDADE ";"0,95 - 1,00 (G/CMÂ³)";1534;"ESMALTE SINT BRILHANTE PLATINA - SA";61;0,891;0,900
32741;07/02/2023;59371;1569;"ESMALTE SINT BRILHANTE 3,6L AZUL CELESTE";0,950;"MT 020 - DENSIDADE ";"0,949 - 1,00 (G/CMÂ³)";1521;"ESMALTE SINT BRILHANTE AZUL CELESTE - SA";126;3,636;3,600
32740;07/02/2023;59416;1583;"ESMALTE SINT BRILHANTE 3,6L PLATINA";0,981;"MT 020 - DENSIDADE ";"0,95 - 1,00 (G/CMÂ³)";1534;"ESMALTE SINT BRILHANTE PLATINA - SA";218;3,564;3,600
32745;07/02/2023;59437;990;"FIT ACR FS ECONOMICO 16L BRANCO GELO";1,340;"MT 020 - DENSIDADE";"1,33 - 1,37 G/CMÂ³";982;"FIT ACR ECONOMICO  BRANCO GELO - SA";236;21,520;16,000
32737;07/02/2023;59443;999;"FIT MASSA CORRIDA PVA 25KG";1,719;DENSIDADE;"1,70-1,75 (G/CMÂ³)";1000;"FIT MASSA CORRIDA PVA - SA";120;25,000;14,880
32735;07/02/2023;59444;999;"FIT MASSA CORRIDA PVA 25KG";1,714;DENSIDADE;"1,70-1,75 (G/CMÂ³)";1000;"FIT MASSA CORRIDA PVA - SA";122;25,000;14,880
32733;07/02/2023;59426;999;"FIT MASSA CORRIDA PVA 25KG";1,716;DENSIDADE;"1,70-1,75 (G/CMÂ³)";1000;"FIT MASSA CORRIDA PVA - SA";120;25,000;14,880
32742;07/02/2023;59436;1008;"FIT SELADOR ACRILICO KOKAR 16L";1,350;"MT 020 - DENSIDADE";"1,35 - 1,38 G/CMÂ³";1007;"FIT SELADOR ACRILICO - SA";230;21,600;16,000
32744;07/02/2023;59435;1008;"FIT SELADOR ACRILICO KOKAR 16L";1,362;"MT 020 - DENSIDADE";"1,35 - 1,38 G/CMÂ³";1007;"FIT SELADOR ACRILICO - SA";229;21,600;16,000
32738;07/02/2023;59429;1;"MASSA CORRIDA PVA KOKAR 15KG";1,718;"MT 020- DENSIDADE";"1,70-1,75 ( G/CMÂ³)";476;"MASSA CORRIDA PVA KOKAR - SA";197;15,000;9,000
32736;07/02/2023;59430;1;"MASSA CORRIDA PVA KOKAR 15KG";1,720;"MT 020- DENSIDADE";"1,70-1,75 ( G/CMÂ³)";476;"MASSA CORRIDA PVA KOKAR - SA";200;15,000;9,000
32734;07/02/2023;59428;1;"MASSA CORRIDA PVA KOKAR 15KG";1,716;"MT 020- DENSIDADE";"1,70-1,75 ( G/CMÂ³)";476;"MASSA CORRIDA PVA KOKAR - SA";195;15,000;9,000
32739;07/02/2023;59431;1;"MASSA CORRIDA PVA KOKAR 15KG";1,712;"MT 020- DENSIDADE";"1,70-1,75 ( G/CMÂ³)";476;"MASSA CORRIDA PVA KOKAR - SA";190;15,000;9,000
32743;07/02/2023;59442;271;"RESINA ACR BA KOKAR 18L CINZA";1,046;"MT 020 - DENSIDADE";"1,02 - 1,05 G/CMÂ³";649;"RESINA ACR BA KOKAR CINZA - SA";45;18,450;18,000
32743;07/02/2023;59442;278;"RESINA ACR BA KOKAR 3,6L CINZA";1,046;"MT 020 - DENSIDADE";"1,02 - 1,05 G/CMÂ³";649;"RESINA ACR BA KOKAR CINZA - SA";44;3,690;3,600
32530;07/02/2023;59209;1655;"SELADORA CONCENTRADA P MADEIRA 3,6L";0,950;"MT 020 - DENSIDADE";"0,90 - 0,95 G/CMÂ³";1555;"SELADORA CONCENTRADA PARA MADEIRA - SA";2;3,384;3,600
32746;07/02/2023;59449;2820;"STANDARD FS 18L CINZA PRATEADO";1,288;"DENSIDADE ";"1,25-1,30 G/CMÂ³";2792;"STANDARD FS CINZA PRATEADO - SA";81;23,400;18,000
32746;07/02/2023;59449;2850;"STANDARD FS 3,6L CINZA PRATEADO";1,288;"DENSIDADE ";"1,25-1,30 G/CMÂ³";2792;"STANDARD FS CINZA PRATEADO - SA";40;4,680;3,600
32763;08/02/2023;59466;1620;"ESMALTE SINT FOSCO 3,6L BRANCO NEVE";1,201;"MT 020 - DENSIDADE";"1,18 - 1,23 (G/CMÂ³)";1545;"ESMALTE SINT FOSCO BRANCO NEVE - SA";129;4,357;3,600
32757;08/02/2023;59406;990;"FIT ACR FS ECONOMICO 16L BRANCO GELO";1,343;"MT 020 - DENSIDADE";"1,33 - 1,37 G/CMÂ³";982;"FIT ACR ECONOMICO  BRANCO GELO - SA";240;21,520;16,000
32755;08/02/2023;59447;999;"FIT MASSA CORRIDA PVA 25KG";1,716;DENSIDADE;"1,70-1,75 (G/CMÂ³)";1000;"FIT MASSA CORRIDA PVA - SA";121;25,000;14,880
32747;08/02/2023;59445;999;"FIT MASSA CORRIDA PVA 25KG";1,709;DENSIDADE;"1,70-1,75 (G/CMÂ³)";1000;"FIT MASSA CORRIDA PVA - SA";120;25,000;14,880
32754;08/02/2023;59446;999;"FIT MASSA CORRIDA PVA 25KG";1,714;DENSIDADE;"1,70-1,75 (G/CMÂ³)";1000;"FIT MASSA CORRIDA PVA - SA";120;25,000;14,880
32762;08/02/2023;59475;1008;"FIT SELADOR ACRILICO KOKAR 16L";1,370;"MT 020 - DENSIDADE";"1,35 - 1,38 G/CMÂ³";1007;"FIT SELADOR ACRILICO - SA";231;21,600;16,000
32753;08/02/2023;59433;1;"MASSA CORRIDA PVA KOKAR 15KG";1,702;"MT 020- DENSIDADE";"1,70-1,75 ( G/CMÂ³)";476;"MASSA CORRIDA PVA KOKAR - SA";193;15,000;9,000
32752;08/02/2023;59434;1;"MASSA CORRIDA PVA KOKAR 15KG";1,714;"MT 020- DENSIDADE";"1,70-1,75 ( G/CMÂ³)";476;"MASSA CORRIDA PVA KOKAR - SA";196;15,000;9,000
32751;08/02/2023;59457;1;"MASSA CORRIDA PVA KOKAR 15KG";1,717;"MT 020- DENSIDADE";"1,70-1,75 ( G/CMÂ³)";476;"MASSA CORRIDA PVA KOKAR - SA";194;15,000;9,000
32749;08/02/2023;59432;1;"MASSA CORRIDA PVA KOKAR 15KG";1,708;"MT 020- DENSIDADE";"1,70-1,75 ( G/CMÂ³)";476;"MASSA CORRIDA PVA KOKAR - SA";198;15,000;9,000
32758;08/02/2023;59450;103;"PREMIUM ACET SEDA 18L BRANCO NEVE";1,198;"MT 020 - DENSIDADE";"1,18-1,24 (G/CMÂ³)";498;"PREMIUM ACET SEDA BRANCO NEVE - SA";88;21,600;18,000
32758;08/02/2023;59450;104;"PREMIUM ACET SEDA 3,6L BRANCO NEVE";1,198;"MT 020 - DENSIDADE";"1,18-1,24 (G/CMÂ³)";498;"PREMIUM ACET SEDA BRANCO NEVE - SA";21;4,212;3,600
32759;08/02/2023;59468;2822;"STANDARD FS 18L AZUL SERENO";1,239;DENSIDADE;"1,25-1,28 G/CM3";2793;"STANDARD FS AZUL SERENO - SA";44;23,580;18,000
32760;08/02/2023;59421;2916;"STANDARD FS 18L MARFIM";1,330;DENSIDADE;1,30-1,35;2912;"STANDARD FS MARFIM - SA";43;24,120;18,000
32759;08/02/2023;59468;2853;"STANDARD FS 3,6L AZUL SERENO";1,239;DENSIDADE;"1,25-1,28 G/CM3";2793;"STANDARD FS AZUL SERENO - SA";20;4,716;3,600
32760;08/02/2023;59421;2914;"STANDARD FS 3,6L MARFIM";1,330;DENSIDADE;1,30-1,35;2912;"STANDARD FS MARFIM - SA";12;4,824;3,600
32761;08/02/2023;59420;382;"TINTA PISO KOKAR 18L PRETO";1,319;"MT 020 - DENSIDADE";"1,30 - 1,35 (G/CMÂ³)";724;"TINTA PISO KOKAR PRETO - SA";66;23,940;18,000
32761;08/02/2023;59420;394;"TINTA PISO KOKAR 3,6L PRETO";1,319;"MT 020 - DENSIDADE";"1,30 - 1,35 (G/CMÂ³)";724;"TINTA PISO KOKAR PRETO - SA";46;4,788;3,600
32765;09/02/2023;59483;11;"ECONOMICO FOSCO 18L BRANCO NEVE";1,353;"MT 020 - DENSIDADE";"1,32 - 1,37 (G/CMÂ³)";494;"ECONOMICO FOSCO BRANCO NEVE - SA";213;23,940;18,000
32768;09/02/2023;59302;2748;"ECONOMICO FOSCO 18L CASTANHEIRA";1,320;DENSIDADE;"1,32-1,37 G/CM3";2720;"ECONOMICO FOSCO CASTANHEIRA - SA";21;23,580;18,000
32780;09/02/2023;59341;1617;"ESMALTE SINT BRILHANTE 0,9L VERDE FOLHA";0,970;DENSIDADE;"0,940-0,970 (G/CMÂ³)";1540;"ESMALTE SINT BRILHANTE VERDE FOLHA - SA";97;0,875;0,900
32795;09/02/2023;59456;1579;"ESMALTE SINT BRILHANTE 3,6L LARANJA";0,964;"MT 020 - DENSIDADE ";"0,98 - 1,03 (G/CMÂ³)";1530;"ESMALTE SINT BRILHANTE LARANJA - SA";146;3,564;3,600
32780;09/02/2023;59341;1589;"ESMALTE SINT BRILHANTE 3,6L VERDE FOLHA";0,970;DENSIDADE;"0,940-0,970 (G/CMÂ³)";1540;"ESMALTE SINT BRILHANTE VERDE FOLHA - SA";226;3,528;3,600
32770;09/02/2023;59438;990;"FIT ACR FS ECONOMICO 16L BRANCO GELO";1,330;"MT 020 - DENSIDADE";"1,33 - 1,37 G/CMÂ³";982;"FIT ACR ECONOMICO  BRANCO GELO - SA";241;21,520;16,000
32766;09/02/2023;59388;2907;"FIT ACR FS ECONOMICO 16L MARFIM";1,355;DENSIDADE;1,30-1,35;2906;"FIT ACR ECONOMICO MARFIM - SA";38;21,440;16,000
32769;09/02/2023;59469;992;"FIT ACR FS ECONOMICO 16L PEROLA";1,350;"MT 020 - DENSIDADE";"1,33 - 1,37 G/CMÂ³";984;"FIT ACR  ECONOMICO PEROLA - SA";92;21,440;16,000
32766;09/02/2023;59388;2908;"FIT ACR FS ECONOMICO 3,6L MARFIM";1,355;DENSIDADE;1,30-1,35;2906;"FIT ACR ECONOMICO MARFIM - SA";41;4,824;3,600
32769;09/02/2023;59469;1014;"FIT ACR FS ECONOMICO 3,6L PEROLA";1,350;"MT 020 - DENSIDADE";"1,33 - 1,37 G/CMÂ³";984;"FIT ACR  ECONOMICO PEROLA - SA";20;4,824;3,600
32779;09/02/2023;59448;999;"FIT MASSA CORRIDA PVA 25KG";1,716;DENSIDADE;"1,70-1,75 (G/CMÂ³)";1000;"FIT MASSA CORRIDA PVA - SA";119;25,000;14,880
32778;09/02/2023;59477;999;"FIT MASSA CORRIDA PVA 25KG";1,712;DENSIDADE;"1,70-1,75 (G/CMÂ³)";1000;"FIT MASSA CORRIDA PVA - SA";120;25,000;14,880
32777;09/02/2023;59478;999;"FIT MASSA CORRIDA PVA 25KG";1,706;DENSIDADE;"1,70-1,75 (G/CMÂ³)";1000;"FIT MASSA CORRIDA PVA - SA";119;25,000;14,880
32779;09/02/2023;59448;999;"FIT MASSA CORRIDA PVA 25KG";1,716;DENSIDADE;"1,70-1,75 (G/CMÂ³)";1000;"FIT MASSA CORRIDA PVA - SA";4;25,000;14,880
32776;09/02/2023;59458;1;"MASSA CORRIDA PVA KOKAR 15KG";1,709;"MT 020- DENSIDADE";"1,70-1,75 ( G/CMÂ³)";476;"MASSA CORRIDA PVA KOKAR - SA";190;15,000;9,000
32775;09/02/2023;59459;1;"MASSA CORRIDA PVA KOKAR 15KG";1,710;"MT 020- DENSIDADE";"1,70-1,75 ( G/CMÂ³)";476;"MASSA CORRIDA PVA KOKAR - SA";195;15,000;9,000
32772;09/02/2023;59461;1;"MASSA CORRIDA PVA KOKAR 15KG";1,714;"MT 020- DENSIDADE";"1,70-1,75 ( G/CMÂ³)";476;"MASSA CORRIDA PVA KOKAR - SA";189;15,000;9,000
32771;09/02/2023;59462;1;"MASSA CORRIDA PVA KOKAR 15KG";1,716;"MT 020- DENSIDADE";"1,70-1,75 ( G/CMÂ³)";476;"MASSA CORRIDA PVA KOKAR - SA";194;15,000;9,000
32774;09/02/2023;59460;1;"MASSA CORRIDA PVA KOKAR 15KG";1,717;"MT 020- DENSIDADE";"1,70-1,75 ( G/CMÂ³)";476;"MASSA CORRIDA PVA KOKAR - SA";197;15,000;9,000
32767;09/02/2023;59451;170;"PREMIUM ACET SEDA 18L BRANCO GELO";1,152;"MT 020 - DENSIDADE";"1,15 - 1,18 (G/CMÂ³)";556;"PREMIUM ACET SEDA BRANCO GELO - SA";99;20,880;18,000
32781;09/02/2023;59479;2941;"STANDARD SB 18L ARAPONGA";1,145;DENSIDADE;1,10-1,17;2885;"STANDARD SB ARAPONGA - SA";25;21,240;18,000
32764;09/02/2023;59493;107;"STANDARD SB 18L BRANCO NEVE";1,140;DENSIDADE;1,10-1,15;496;"STANDARD SB  BRANCO NEVE - SA";88;21,420;18,000
32764;09/02/2023;59493;108;"STANDARD SB 3,6L BRANCO NEVE";1,140;DENSIDADE;1,10-1,15;496;"STANDARD SB  BRANCO NEVE - SA";40;4,284;3,600
32793;10/02/2023;59454;1891;"ESMALTE SINT BRILHANTE 3,6L AMARELO SEGU";0,950;"MT 020 - DENSIDADE";"0,94 - 0,96 G/CMÂ³";1889;"ESMALTE SINT BRILHANTE AMARELO SEGUR- SA";150;3,438;3,600
32792;10/02/2023;59455;1572;"ESMALTE SINT BRILHANTE 3,6L BRANCO GELO";0,980;DENSIDADE;"0,98 (G/CMÂ³)";1524;"ESMALTE SINT BRILHANTE BRANCO GELO - SA";248;3,528;3,600
32796;10/02/2023;59484;990;"FIT ACR FS ECONOMICO 16L BRANCO GELO";1,348;"MT 020 - DENSIDADE";"1,33 - 1,37 G/CMÂ³";982;"FIT ACR ECONOMICO  BRANCO GELO - SA";218;21,520;16,000
32796;10/02/2023;59484;1012;"FIT ACR FS ECONOMICO 3,6L BRANCO GELO";1,348;"MT 020 - DENSIDADE";"1,33 - 1,37 G/CMÂ³";982;"FIT ACR ECONOMICO  BRANCO GELO - SA";100;4,842;3,600
32789;10/02/2023;59488;1;"MASSA CORRIDA PVA KOKAR 15KG";1,720;"MT 020- DENSIDADE";"1,70-1,75 ( G/CMÂ³)";476;"MASSA CORRIDA PVA KOKAR - SA";194;15,000;9,000
32790;10/02/2023;59489;1;"MASSA CORRIDA PVA KOKAR 15KG";1,714;"MT 020- DENSIDADE";"1,70-1,75 ( G/CMÂ³)";476;"MASSA CORRIDA PVA KOKAR - SA";195;15,000;9,000
32787;10/02/2023;59490;1;"MASSA CORRIDA PVA KOKAR 15KG";1,714;"MT 020- DENSIDADE";"1,70-1,75 ( G/CMÂ³)";476;"MASSA CORRIDA PVA KOKAR - SA";196;15,000;9,000
32786;10/02/2023;59474;1;"MASSA CORRIDA PVA KOKAR 15KG";1,716;"MT 020- DENSIDADE";"1,70-1,75 ( G/CMÂ³)";476;"MASSA CORRIDA PVA KOKAR - SA";197;15,000;9,000
32785;10/02/2023;59473;1;"MASSA CORRIDA PVA KOKAR 15KG";1,716;"MT 020- DENSIDADE";"1,70-1,75 ( G/CMÂ³)";476;"MASSA CORRIDA PVA KOKAR - SA";195;15,000;9,000
32782;10/02/2023;59471;1;"MASSA CORRIDA PVA KOKAR 15KG";1,715;"MT 020- DENSIDADE";"1,70-1,75 ( G/CMÂ³)";476;"MASSA CORRIDA PVA KOKAR - SA";194;15,000;9,000
32784;10/02/2023;59472;1;"MASSA CORRIDA PVA KOKAR 15KG";1,719;"MT 020- DENSIDADE";"1,70-1,75 ( G/CMÂ³)";476;"MASSA CORRIDA PVA KOKAR - SA";197;15,000;9,000
32797;10/02/2023;59470;2174;"STANDARD FS 18L CHOCOLATE ";1,262;"MT 020 - DENSIDADE";1,26-1,30;2165;"STANDARD FS CHOCOLATE - SA ";51;23,040;18,000
32797;10/02/2023;59470;2175;"STANDARD FS 3,6L CHOCOLATE";1,262;"MT 020 - DENSIDADE";1,26-1,30;2165;"STANDARD FS CHOCOLATE - SA ";40;4,608;3,600
32798;10/02/2023;59501;378;"TINTA PISO KOKAR 18L CINZA";1,330;"MT 020 - DENSIDADE";"1,30 - 1,35 (G/CMÂ³)";720;"TINTA PISO KOKAR CINZA - SA";82;24,120;18,000
32798;10/02/2023;59501;390;"TINTA PISO KOKAR 3,6L CINZA";1,330;"MT 020 - DENSIDADE";"1,30 - 1,35 (G/CMÂ³)";720;"TINTA PISO KOKAR CINZA - SA";42;4,824;3,600
32807;13/02/2023;59485;981;"FIT ACR FS ECONOMICO 16L BRANCO NEVE ";1,340;"MT 020 - DENSIDADE";"1,30- 1,35 G/CMÂ³";980;"FIT ACR ECONOMICO  BRANCO NEVE - SA";191;21,600;16,000
32807;13/02/2023;59485;1011;"FIT ACR FS ECONOMICO 3,6L BRANCO NEVE";1,340;"MT 020 - DENSIDADE";"1,30- 1,35 G/CMÂ³";980;"FIT ACR ECONOMICO  BRANCO NEVE - SA";203;4,860;3,600
32800;13/02/2023;59486;999;"FIT MASSA CORRIDA PVA 25KG";1,719;DENSIDADE;"1,70-1,75 (G/CMÂ³)";1000;"FIT MASSA CORRIDA PVA - SA";116;25,000;14,880
32801;13/02/2023;59527;999;"FIT MASSA CORRIDA PVA 25KG";1,712;DENSIDADE;"1,70-1,75 (G/CMÂ³)";1000;"FIT MASSA CORRIDA PVA - SA";119;25,000;14,880
32802;13/02/2023;59487;999;"FIT MASSA CORRIDA PVA 25KG";1,719;DENSIDADE;"1,70-1,75 (G/CMÂ³)";1000;"FIT MASSA CORRIDA PVA - SA";117;25,000;14,880
32813;13/02/2023;59506;1644;"FUNDO E ACABAMENTO 18L AZUL DEL REY";1,040;"MT-020 DENSIDADE";1,00-1,10;1550;"FUNDO E ACABAMENTO AZUL DEL REY- SA";30;18,534;18,000
32814;13/02/2023;59505;1647;"FUNDO E ACABAMENTO 18L CINZA MEDIO";1,050;"MT020- DENSIDADE 25ºC";1,05-1,10;1553;"FUNDO E ACABAMENTO CINZA MEDIO - SA";38;19,440;18,000
32813;13/02/2023;59506;1650;"FUNDO E ACABAMENTO 3,6L AZUL DEL REY";1,040;"MT-020 DENSIDADE";1,00-1,10;1550;"FUNDO E ACABAMENTO AZUL DEL REY- SA";117;3,707;3,600
32814;13/02/2023;59505;1653;"FUNDO E ACABAMENTO 3,6L CINZA MEDIO";1,050;"MT020- DENSIDADE 25ºC";1,05-1,10;1553;"FUNDO E ACABAMENTO CINZA MEDIO - SA";76;3,888;3,600
32805;13/02/2023;59492;1;"MASSA CORRIDA PVA KOKAR 15KG";1,701;"MT 020- DENSIDADE";"1,70-1,75 ( G/CMÂ³)";476;"MASSA CORRIDA PVA KOKAR - SA";185;15,000;9,000
32804;13/02/2023;59515;1;"MASSA CORRIDA PVA KOKAR 15KG";1,720;"MT 020- DENSIDADE";"1,70-1,75 ( G/CMÂ³)";476;"MASSA CORRIDA PVA KOKAR - SA";191;15,000;9,000
32799;13/02/2023;59491;1;"MASSA CORRIDA PVA KOKAR 15KG";1,710;"MT 020- DENSIDADE";"1,70-1,75 ( G/CMÂ³)";476;"MASSA CORRIDA PVA KOKAR - SA";191;15,000;9,000
32803;13/02/2023;59523;969;"MASSA CORRIDA PVA KOKAR 20KG";1,712;"MT 020- DENSIDADE";"1,70-1,75 ( G/CMÂ³)";476;"MASSA CORRIDA PVA KOKAR - SA";148;20,000;12,000
32811;13/02/2023;59508;167;"PREMIUM ACET SEDA 18L ALGODAO DA TERRA";1,149;"MT 020 - DENSIDADE";"1,10-1,15 (G/CMÂ³)";525;"PREMIUM ACET SEDA ALGODAO DA TERRA - SA";24;20,880;18,000
32809;13/02/2023;59494;171;"PREMIUM ACET SEDA 18L PALHA";1,140;"MT 020 - DENSIDADE";"1,10-1,18 (G/CMÂ³))";557;"PREMIUM ACET SEDA PALHA - SA";70;20,880;18,000
32809;13/02/2023;59494;176;"PREMIUM ACET SEDA 3,6L PALHA";1,140;"MT 020 - DENSIDADE";"1,10-1,18 (G/CMÂ³))";557;"PREMIUM ACET SEDA PALHA - SA";20;4,176;3,600
32806;13/02/2023;59499;2929;"PREMIUM SEMIBRILHO 18L VERMELHO AMOR";1,009;DENSIDADE;1,01-105;2927;"PREMIUM SEMIBRILHO VERMELHO AMOR - SA";17;20,700;18,000
32810;13/02/2023;59495;269;"RESINA ACR BA KOKAR 18L CERAMICA ONIX";1,020;"MT 020 - DENSIDADE";"1,01 - 1,05 (G/CMÂ³)";646;"RESINA ACR BA KOKAR CERAMICA ONIX - SA";66;18,360;18,000
32810;13/02/2023;59495;276;"RESINA ACR BA KOKAR 3,6L CERAMICA ONIX";1,020;"MT 020 - DENSIDADE";"1,01 - 1,05 (G/CMÂ³)";646;"RESINA ACR BA KOKAR CERAMICA ONIX - SA";60;3,672;3,600
32812;13/02/2023;59503;1656;"SELADORA CONCENTRADA P MADEIRA 0,9L";0,938;"MT 020 - DENSIDADE";"0,90 - 0,95 G/CMÂ³";1555;"SELADORA CONCENTRADA PARA MADEIRA - SA";300;0,846;0,900
32812;13/02/2023;59503;1655;"SELADORA CONCENTRADA P MADEIRA 3,6L";0,938;"MT 020 - DENSIDADE";"0,90 - 0,95 G/CMÂ³";1555;"SELADORA CONCENTRADA PARA MADEIRA - SA";162;3,384;3,600
32808;13/02/2023;59507;3388;"STANDARD SB 18L AZUL PROFUNDO";1,140;DENSIDADE;"1,12-1,22 G/CM3";3389;"STANDARD SB AZUL PROFUNDO - SA";24;21,060;18,000
32818;14/02/2023;59520;22;"ECONOMICO FOSCO 18L BRANCO GELO";1,340;"MT 020 - DENSIDADE";"1,32-1,37 (G/CMÂ³)";632;"ECONOMICO FOSCO  BRANCO GELO - SA";194;24,300;18,000
32815;14/02/2023;59520;22;"ECONOMICO FOSCO 18L BRANCO GELO";1,340;"MT 020 - DENSIDADE";"1,32-1,37 (G/CMÂ³)";632;"ECONOMICO FOSCO  BRANCO GELO - SA";194;24,300;18,000
32830;14/02/2023;59531;2757;"ECONOMICO FOSCO 18L FERVEDOURO";1,343;DENSIDADE;"1,32-1,37 G/CM3";2728;"ECONOMICO FOSCO FERVEDOURO - SA";21;24,120;18,000
32818;14/02/2023;59520;42;"ECONOMICO FOSCO 3,6L BRANCO GELO";1,340;"MT 020 - DENSIDADE";"1,32-1,37 (G/CMÂ³)";632;"ECONOMICO FOSCO  BRANCO GELO - SA";80;4,860;3,600
32815;14/02/2023;59520;42;"ECONOMICO FOSCO 3,6L BRANCO GELO";1,340;"MT 020 - DENSIDADE";"1,32-1,37 (G/CMÂ³)";632;"ECONOMICO FOSCO  BRANCO GELO - SA";80;4,860;3,600
32830;14/02/2023;59531;2784;"ECONOMICO FOSCO 3,6L FERVEDOURO";1,343;DENSIDADE;"1,32-1,37 G/CM3";2728;"ECONOMICO FOSCO FERVEDOURO - SA";17;4,824;3,600
32827;14/02/2023;59519;1009;"FIT SELADOR ACRILICO 3,6L";1,376;"MT 020 - DENSIDADE";"1,35 - 1,38 G/CMÂ³";1007;"FIT SELADOR ACRILICO - SA";200;4,860;3,600
32827;14/02/2023;59519;1008;"FIT SELADOR ACRILICO KOKAR 16L";1,376;"MT 020 - DENSIDADE";"1,35 - 1,38 G/CMÂ³";1007;"FIT SELADOR ACRILICO - SA";190;21,600;16,000
32825;14/02/2023;59516;1;"MASSA CORRIDA PVA KOKAR 15KG";1,716;"MT 020- DENSIDADE";"1,70-1,75 ( G/CMÂ³)";476;"MASSA CORRIDA PVA KOKAR - SA";196;15,000;9,000
32826;14/02/2023;59517;1;"MASSA CORRIDA PVA KOKAR 15KG";1,718;"MT 020- DENSIDADE";"1,70-1,75 ( G/CMÂ³)";476;"MASSA CORRIDA PVA KOKAR - SA";189;15,000;9,000
32816;14/02/2023;59524;1;"MASSA CORRIDA PVA KOKAR 15KG";1,719;"MT 020- DENSIDADE";"1,70-1,75 ( G/CMÂ³)";476;"MASSA CORRIDA PVA KOKAR - SA";195;15,000;9,000
32821;14/02/2023;59525;1;"MASSA CORRIDA PVA KOKAR 15KG";1,712;"MT 020- DENSIDADE";"1,70-1,75 ( G/CMÂ³)";476;"MASSA CORRIDA PVA KOKAR - SA";197;15,000;9,000
32819;14/02/2023;59547;1;"MASSA CORRIDA PVA KOKAR 15KG";1,721;"MT 020- DENSIDADE";"1,70-1,75 ( G/CMÂ³)";476;"MASSA CORRIDA PVA KOKAR - SA";194;15,000;9,000
32824;14/02/2023;59518;1;"MASSA CORRIDA PVA KOKAR 15KG";1,720;"MT 020- DENSIDADE";"1,70-1,75 ( G/CMÂ³)";476;"MASSA CORRIDA PVA KOKAR - SA";200;15,000;9,000
32822;14/02/2023;59554;969;"MASSA CORRIDA PVA KOKAR 20KG";1,715;"MT 020- DENSIDADE";"1,70-1,75 ( G/CMÂ³)";476;"MASSA CORRIDA PVA KOKAR - SA";150;20,000;12,000
32828;14/02/2023;59509;2842;"STANDARD FS 18L ANOITECER";1,250;DENSIDADE;"1,28-1,35 G/CMÂ³";2812;"STANDARD FS ANOITECER - SA";21;23,580;18,000
32831;14/02/2023;59533;2136;"STANDARD FS 18L CAMURCA";1,300;"MT 020 - DENSIDADE";1,30-1,34;2099;"STANDARD FS CAMURCA - SA ";60;23,580;18,000
32828;14/02/2023;59509;2871;"STANDARD FS 3,6L ANOITECER";1,250;DENSIDADE;"1,28-1,35 G/CMÂ³";2812;"STANDARD FS ANOITECER - SA";16;4,716;3,600
32831;14/02/2023;59533;2135;"STANDARD FS 3,6L CAMURCA";1,300;"MT 020 - DENSIDADE";1,30-1,34;2099;"STANDARD FS CAMURCA - SA ";40;4,716;3,600
32829;14/02/2023;59512;225;"STANDARD SB 18L BRANCO GELO";1,138;"MT 020 - DENSIDADE";"1,12-1,20 G/CMÂ³";610;"STANDARD SB  BRANCO GELO - SA";93;21,240;18,000
32848;15/02/2023;59545;2759;"ECONOMICO FOSCO 18L BOTO ROSA";1,330;DENSIDADE;"1,32-1,37 G/CM3";2731;"ECONOMICO FOSCO BOTO ROSA - SA";20;24,120;18,000
32852;15/02/2023;59568;11;"ECONOMICO FOSCO 18L BRANCO NEVE";1,355;"MT 020 - DENSIDADE";"1,32 - 1,37 (G/CMÂ³)";494;"ECONOMICO FOSCO BRANCO NEVE - SA";190;23,940;18,000
32846;15/02/2023;59543;2740;"ECONOMICO FOSCO 18L MARSALLA";1,318;DENSIDADE;"1,32-1,37 G/CM3";2712;"ECONOMICO FOSCO MARSALLA  - SA";17;23,580;18,000
32848;15/02/2023;59545;2787;"ECONOMICO FOSCO 3,6L BOTO ROSA";1,330;DENSIDADE;"1,32-1,37 G/CM3";2731;"ECONOMICO FOSCO BOTO ROSA - SA";14;4,824;3,600
32852;15/02/2023;59568;14;"ECONOMICO FOSCO 3,6L BRANCO NEVE";1,355;"MT 020 - DENSIDADE";"1,32 - 1,37 (G/CMÂ³)";494;"ECONOMICO FOSCO BRANCO NEVE - SA";100;4,780;3,600
32846;15/02/2023;59543;2768;"ECONOMICO FOSCO 3,6L MARSALLA";1,318;DENSIDADE;"1,32-1,37 G/CM3";2712;"ECONOMICO FOSCO MARSALLA  - SA";21;4,716;3,600
32844;15/02/2023;59529;1570;"ESMALTE SINT BRILHANTE 3,6L AZUL DEL REY";0,945;"MT020 - DENSIDADE";"0,94 - 1,00 (G/CMÂ³)";1522;"ESMALTE SINT BRILHANTE AZUL DEL REY - SA";233;3,456;3,600
32843;15/02/2023;59540;1576;"ESMALTE SINT BRILHANTE 3,6L CINZA MEDIO";0,955;"MT 020 - DENSIDADE ";"0,94 - 1,00 (G/CMÂ³)";1527;"ESMALTE SINT BRILHANTE CINZA MEDIO - SA";234;3,600;3,600
32845;15/02/2023;59504;1585;"ESMALTE SINT BRILHANTE 3,6L TABACO";0,973;"MT 020 - DENSIDADE ";"0,95-0,98 (G/CMÂ³)";1536;"ESMALTE SINT BRILHANTE TABACO - SA";153;3,672;3,600
32853;15/02/2023;59532;2703;"FIT ACR FS ECONOMICO 16L AMAZONITA";1,313;DENSIDADE;"1,30-1,38 (G/CMÂ³)";2693;"FIT ACR FS ECONOMICO AMAZONITA - SA";46;21,440;16,000
32847;15/02/2023;59534;1415;"FIT ACR FS ECONOMICO 16L AREIA";1,355;"MT 020 - DENSIDADE";"1,30 - 1,35 G/CMÂ³";1414;"FIT ACR  ECONOMICO AREIA - SA";93;21,520;16,000
32851;15/02/2023;59562;990;"FIT ACR FS ECONOMICO 16L BRANCO GELO";1,343;"MT 020 - DENSIDADE";"1,33 - 1,37 G/CMÂ³";982;"FIT ACR ECONOMICO  BRANCO GELO - SA";221;21,520;16,000
32853;15/02/2023;59532;2698;"FIT ACR FS ECONOMICO 3,6L AMAZONITA";1,313;DENSIDADE;"1,30-1,38 (G/CMÂ³)";2693;"FIT ACR FS ECONOMICO AMAZONITA - SA";22;4,824;3,600
32851;15/02/2023;59562;1012;"FIT ACR FS ECONOMICO 3,6L BRANCO GELO";1,343;"MT 020 - DENSIDADE";"1,33 - 1,37 G/CMÂ³";982;"FIT ACR ECONOMICO  BRANCO GELO - SA";100;4,842;3,600
32842;15/02/2023;59557;999;"FIT MASSA CORRIDA PVA 25KG";1,716;DENSIDADE;"1,70-1,75 (G/CMÂ³)";1000;"FIT MASSA CORRIDA PVA - SA";120;25,000;14,880
32840;15/02/2023;59556;999;"FIT MASSA CORRIDA PVA 25KG";1,721;DENSIDADE;"1,70-1,75 (G/CMÂ³)";1000;"FIT MASSA CORRIDA PVA - SA";120;25,000;14,880
32836;15/02/2023;59573;999;"FIT MASSA CORRIDA PVA 25KG";1,714;DENSIDADE;"1,70-1,75 (G/CMÂ³)";1000;"FIT MASSA CORRIDA PVA - SA";120;25,000;14,880
32850;15/02/2023;59536;1008;"FIT SELADOR ACRILICO KOKAR 16L";1,376;"MT 020 - DENSIDADE";"1,35 - 1,38 G/CMÂ³";1007;"FIT SELADOR ACRILICO - SA";228;21,600;16,000
32841;15/02/2023;59549;1;"MASSA CORRIDA PVA KOKAR 15KG";1,719;"MT 020- DENSIDADE";"1,70-1,75 ( G/CMÂ³)";476;"MASSA CORRIDA PVA KOKAR - SA";196;15,000;9,000
32838;15/02/2023;59548;1;"MASSA CORRIDA PVA KOKAR 15KG";1,719;"MT 020- DENSIDADE";"1,70-1,75 ( G/CMÂ³)";476;"MASSA CORRIDA PVA KOKAR - SA";193;15,000;9,000
32832;15/02/2023;59551;1;"MASSA CORRIDA PVA KOKAR 15KG";1,712;"MT 020- DENSIDADE";"1,70-1,75 ( G/CMÂ³)";476;"MASSA CORRIDA PVA KOKAR - SA";194;15,000;9,000
32834;15/02/2023;59550;1;"MASSA CORRIDA PVA KOKAR 15KG";1,714;"MT 020- DENSIDADE";"1,70-1,75 ( G/CMÂ³)";476;"MASSA CORRIDA PVA KOKAR - SA";200;15,000;9,000
32849;15/02/2023;59513;270;"RESINA ACR BA KOKAR 18L CERAMICA TELHA";1,012;"MT 020 - DENSIDADE";"1,01 -1,05 G/CMÂ³";648;"RESINA ACR BA KOKAR CERAMICA TELHA - SA";87;18,900;18,000
32849;15/02/2023;59513;277;"RESINA ACR BA KOKAR 3,6L CERAMICA TELHA";1,012;"MT 020 - DENSIDADE";"1,01 -1,05 G/CMÂ³";648;"RESINA ACR BA KOKAR CERAMICA TELHA - SA";69;3,600;3,600
32869;16/02/2023;59570;2911;"ECONOMICO FOSCO 18L MARFIM";1,313;DENSIDADE;"1,32-1,327 G/CM3";2909;"ECONOMICO FOSCO MARFIM - SA";44;24,120;18,000
32862;16/02/2023;59417;1566;"ESMALTE SINT BRILHANTE 3,6L AMARELO OURO";0,950;DENSIDADE;"0,94 G/CMÂ³";1518;"ESMALTE SINT BRILHANTE AMARELO OURO - SA";228;3,456;3,600
32865;16/02/2023;59567;1135;"FIT FUNDO PREPARADOR DE PAREDES 16L";1,000;"MT 020 - DENSIDADE";"1,00 - 1,03 G/CMÂ³";1134;"FIT FUNDO PREPARADOR DE PAREDES - SA";87;16,080;16,000
32865;16/02/2023;59567;1136;"FIT FUNDO PREPARADOR DE PAREDES 3,6L";1,000;"MT 020 - DENSIDADE";"1,00 - 1,03 G/CMÂ³";1134;"FIT FUNDO PREPARADOR DE PAREDES - SA";40;3,618;3,600
32859;16/02/2023;59594;1;"MASSA CORRIDA PVA KOKAR 15KG";1,700;"MT 020- DENSIDADE";"1,70-1,75 ( G/CMÂ³)";476;"MASSA CORRIDA PVA KOKAR - SA";192;15,000;9,000
32857;16/02/2023;59578;1;"MASSA CORRIDA PVA KOKAR 15KG";1,719;"MT 020- DENSIDADE";"1,70-1,75 ( G/CMÂ³)";476;"MASSA CORRIDA PVA KOKAR - SA";192;15,000;9,000
32856;16/02/2023;59577;1;"MASSA CORRIDA PVA KOKAR 15KG";1,712;"MT 020- DENSIDADE";"1,70-1,75 ( G/CMÂ³)";476;"MASSA CORRIDA PVA KOKAR - SA";193;15,000;9,000
32854;16/02/2023;59552;1;"MASSA CORRIDA PVA KOKAR 15KG";1,709;"MT 020- DENSIDADE";"1,70-1,75 ( G/CMÂ³)";476;"MASSA CORRIDA PVA KOKAR - SA";197;15,000;9,000
32855;16/02/2023;59576;1;"MASSA CORRIDA PVA KOKAR 15KG";1,720;"MT 020- DENSIDADE";"1,70-1,75 ( G/CMÂ³)";476;"MASSA CORRIDA PVA KOKAR - SA";196;15,000;9,000
32872;16/02/2023;59526;1;"MASSA CORRIDA PVA KOKAR 15KG";1,700;"MT 020- DENSIDADE";"1,70-1,75 ( G/CMÂ³)";476;"MASSA CORRIDA PVA KOKAR - SA";184;15,000;9,000
32871;16/02/2023;59579;1;"MASSA CORRIDA PVA KOKAR 15KG";1,712;"MT 020- DENSIDADE";"1,70-1,75 ( G/CMÂ³)";476;"MASSA CORRIDA PVA KOKAR - SA";193;15,000;9,000
32870;16/02/2023;59597;1;"MASSA CORRIDA PVA KOKAR 15KG";1,716;"MT 020- DENSIDADE";"1,70-1,75 ( G/CMÂ³)";476;"MASSA CORRIDA PVA KOKAR - SA";193;15,000;9,000
32860;16/02/2023;59592;969;"MASSA CORRIDA PVA KOKAR 20KG";1,710;"MT 020- DENSIDADE";"1,70-1,75 ( G/CMÂ³)";476;"MASSA CORRIDA PVA KOKAR - SA";150;20,000;12,000
32872;16/02/2023;59526;969;"MASSA CORRIDA PVA KOKAR 20KG";1,700;"MT 020- DENSIDADE";"1,70-1,75 ( G/CMÂ³)";476;"MASSA CORRIDA PVA KOKAR - SA";10;20,000;12,000
32864;16/02/2023;59546;274;"RESINA ACR BA KOKAR 18L VERMELHO OXIDO";1,014;"MT 020 - DENSIDADE";"1,01 -1,05 G/CMÂ³";651;"RESINA ACR BA KOKAR VERMELHO OXIDO - SA";92;18,000;18,000
32864;16/02/2023;59546;281;"RESINA ACR BA KOKAR 3,6L VERMELHO OXIDO";1,014;"MT 020 - DENSIDADE";"1,01 -1,05 G/CMÂ³";651;"RESINA ACR BA KOKAR VERMELHO OXIDO - SA";41;3,600;3,600
32863;16/02/2023;59530;2112;"STANDARD FS 18L BRANCO GELO ";1,337;"MT 020 - DENSIDADE";"1,32 - 1,36";2086;"STANDARD FS BRANCO GELO - SA ";198;24,300;18,000
32868;16/02/2023;59572;2848;"STANDARD FS 18L IPE ROSA";1,307;DENSIDADE;"1,32-1,37 G/CM3";2818;"STANDARD FS IPE ROSA - SA";11;23,580;18,000
32863;16/02/2023;59530;2113;"STANDARD FS 3,6L BRANCO GELO ";1,337;"MT 020 - DENSIDADE";"1,32 - 1,36";2086;"STANDARD FS BRANCO GELO - SA ";60;4,860;3,600
32868;16/02/2023;59572;2877;"STANDARD FS 3,6L IPE ROSA";1,307;DENSIDADE;"1,32-1,37 G/CM3";2818;"STANDARD FS IPE ROSA - SA";54;4,716;3,600
32867;16/02/2023;59571;230;"STANDARD SB 18L AZUL OCEANO";1,119;"MT 020 - DENSIDADE";"1,12-1,13 G/CMÂ³";614;"STANDARD SB AZUL OCEANO - SA";23;20,340;18,000
32867;16/02/2023;59571;252;"STANDARD SB 3,6L AZUL OCEANO";1,119;"MT 020 - DENSIDADE";"1,12-1,13 G/CMÂ³";614;"STANDARD SB AZUL OCEANO - SA";20;4,068;3,600
32866;16/02/2023;59566;378;"TINTA PISO KOKAR 18L CINZA";1,328;"MT 020 - DENSIDADE";"1,30 - 1,35 (G/CMÂ³)";720;"TINTA PISO KOKAR CINZA - SA";90;24,120;18,000
32889;17/02/2023;59569;22;"ECONOMICO FOSCO 18L BRANCO GELO";1,343;"MT 020 - DENSIDADE";"1,32-1,37 (G/CMÂ³)";632;"ECONOMICO FOSCO  BRANCO GELO - SA";210;24,300;18,000
32885;17/02/2023;59584;26;"ECONOMICO FOSCO 18L VERDE KIWI";1,338;"MT 020 - DENSIDADE";"1,32 - 1,37 (G/CMÂ³)";636;"ECONOMICO FOSCO VERDE KIWI - SA";28;24,120;18,000
32892;17/02/2023;59538;2326;"ESMALTE SINT BRILHANTE 18L BRANCO NEVE";1,061;"MT 020 - DENSIDADE ";"1,03 - 1,08 (G/CMÂ³)";1525;"ESMALTE SINT BRILHANTE BRANCO NEVE - SA";10;18,900;18,000
32893;17/02/2023;59541;1571;"ESMALTE SINT BRILHANTE 3,6L AZUL FRANCA";0,950;DENSIDADE;"0,94 (G/GMÂ³)";1523;"ESMALTE SINT BRILHANTE AZUL FRANCA - SA";239;3,420;3,600
32892;17/02/2023;59538;1573;"ESMALTE SINT BRILHANTE 3,6L BRANCO NEVE";1,061;"MT 020 - DENSIDADE ";"1,03 - 1,08 (G/CMÂ³)";1525;"ESMALTE SINT BRILHANTE BRANCO NEVE - SA";190;3,781;3,600
32894;17/02/2023;59539;1588;"ESMALTE SINT BRILHANTE 3,6L VERDE COLONI";0,946;DENSIDADE;"0,95-0,98 (G/CMÂ³)";1539;"ESMALTE SINT BRILHANTE VERDE COLONIAL-SA";149;3,528;3,600
32891;17/02/2023;59610;981;"FIT ACR FS ECONOMICO 16L BRANCO NEVE ";1,341;"MT 020 - DENSIDADE";"1,30- 1,35 G/CMÂ³";980;"FIT ACR ECONOMICO  BRANCO NEVE - SA";245;21,600;16,000
32890;17/02/2023;59589;981;"FIT ACR FS ECONOMICO 16L BRANCO NEVE ";1,323;"MT 020 - DENSIDADE";"1,30- 1,35 G/CMÂ³";980;"FIT ACR ECONOMICO  BRANCO NEVE - SA";188;21,600;16,000
32890;17/02/2023;59589;1011;"FIT ACR FS ECONOMICO 3,6L BRANCO NEVE";1,323;"MT 020 - DENSIDADE";"1,30- 1,35 G/CMÂ³";980;"FIT ACR ECONOMICO  BRANCO NEVE - SA";200;4,860;3,600
32879;17/02/2023;59607;999;"FIT MASSA CORRIDA PVA 25KG";1,718;DENSIDADE;"1,70-1,75 (G/CMÂ³)";1000;"FIT MASSA CORRIDA PVA - SA";119;25,000;14,880
32874;17/02/2023;59608;999;"FIT MASSA CORRIDA PVA 25KG";1,713;DENSIDADE;"1,70-1,75 (G/CMÂ³)";1000;"FIT MASSA CORRIDA PVA - SA";97;25,000;14,880
32874;17/02/2023;59608;1003;"FIT MASSA CORRIDA PVA 5,5KG";1,713;DENSIDADE;"1,70-1,75 (G/CMÂ³)";1000;"FIT MASSA CORRIDA PVA - SA";103;5,500;3,270
32882;17/02/2023;59604;1;"MASSA CORRIDA PVA KOKAR 15KG";1,720;"MT 020- DENSIDADE";"1,70-1,75 ( G/CMÂ³)";476;"MASSA CORRIDA PVA KOKAR - SA";195;15,000;9,000
32875;17/02/2023;59593;1;"MASSA CORRIDA PVA KOKAR 15KG";1,713;"MT 020- DENSIDADE";"1,70-1,75 ( G/CMÂ³)";476;"MASSA CORRIDA PVA KOKAR - SA";193;15,000;9,000
32877;17/02/2023;59595;1;"MASSA CORRIDA PVA KOKAR 15KG";1,702;"MT 020- DENSIDADE";"1,70-1,75 ( G/CMÂ³)";476;"MASSA CORRIDA PVA KOKAR - SA";198;15,000;9,000
32878;17/02/2023;59596;1;"MASSA CORRIDA PVA KOKAR 15KG";1,719;"MT 020- DENSIDADE";"1,70-1,75 ( G/CMÂ³)";476;"MASSA CORRIDA PVA KOKAR - SA";200;15,000;9,000
32880;17/02/2023;59603;1;"MASSA CORRIDA PVA KOKAR 15KG";1,719;"MT 020- DENSIDADE";"1,70-1,75 ( G/CMÂ³)";476;"MASSA CORRIDA PVA KOKAR - SA";194;15,000;9,000
32887;17/02/2023;59544;3085;"PREMIUM FOSCO 18L AZUL SERENO";1,260;"MT020- DENSIDADE";1,28-1,47;3044;"PREMIUM FOSCO AZUL SERENO - SA";21;23,400;18,000
32888;17/02/2023;59591;1192;"PREMIUM FOSCO 18L CONCRETO";1,306;"MT 020 - DENSIDADE";"1,28 - 1,33 G/CMÂ³";1191;"PREMIUM FOSCO CONCRETO - SA";22;23,130;18,000
32887;17/02/2023;59544;3146;"PREMIUM FOSCO 3,6L AZUL SERENO";1,260;"MT020- DENSIDADE";1,28-1,47;3044;"PREMIUM FOSCO AZUL SERENO - SA";14;4,680;3,600
32886;17/02/2023;59586;375;"TINTA PISO KOKAR 18L AMARELO DEMARCACAO";1,376;"MT 020 - DENSIDADE";"1,33 - 1,37 (G/CMÂ³)";718;"TINTA PISO KOKAR AMARELO DEMARCACAO - SA";33;24,300;18,000
32883;17/02/2023;59587;378;"TINTA PISO KOKAR 18L CINZA";1,349;"MT 020 - DENSIDADE";"1,30 - 1,35 (G/CMÂ³)";720;"TINTA PISO KOKAR CINZA - SA";78;24,120;18,000
32884;17/02/2023;59600;383;"TINTA PISO KOKAR 18L VERDE QUADRA";1,286;DENSIDADE;"1,25 - 1,30 (G/CMÂ³)";725;"TINTA PISO KOKAR VERDE QUADRA - SA";65;23,400;18,000
32886;17/02/2023;59586;386;"TINTA PISO KOKAR 3,6L AMARELO DEMARCACA";1,376;"MT 020 - DENSIDADE";"1,33 - 1,37 (G/CMÂ³)";718;"TINTA PISO KOKAR AMARELO DEMARCACAO - SA";40;4,860;3,600
32883;17/02/2023;59587;390;"TINTA PISO KOKAR 3,6L CINZA";1,349;"MT 020 - DENSIDADE";"1,30 - 1,35 (G/CMÂ³)";720;"TINTA PISO KOKAR CINZA - SA";60;4,824;3,600
32884;17/02/2023;59600;395;"TINTA PISO KOKAR 3,6L VERDE QUADRA";1,286;DENSIDADE;"1,25 - 1,30 (G/CMÂ³)";725;"TINTA PISO KOKAR VERDE QUADRA - SA";20;4,680;3,600
32913;20/02/2023;59542;1586;"ESMALTE SINT BRILHANTE 3,6L VENTO NATUR";0,964;"MT 020 - DENSIDADE ";"0,93 - 0,96 (G/CMÂ³)";1537;"ESMALTE SINT BRILHANTE VENTO NATURAL- SA";142;3,528;3,600
32905;20/02/2023;59590;990;"FIT ACR FS ECONOMICO 16L BRANCO GELO";1,335;"MT 020 - DENSIDADE";"1,33 - 1,37 G/CMÂ³";982;"FIT ACR ECONOMICO  BRANCO GELO - SA";241;21,520;16,000
32896;20/02/2023;59574;999;"FIT MASSA CORRIDA PVA 25KG";1,717;DENSIDADE;"1,70-1,75 (G/CMÂ³)";1000;"FIT MASSA CORRIDA PVA - SA";119;25,000;14,880
32907;20/02/2023;59625;1008;"FIT SELADOR ACRILICO KOKAR 16L";1,381;"MT 020 - DENSIDADE";"1,35 - 1,38 G/CMÂ³";1007;"FIT SELADOR ACRILICO - SA";230;21,600;16,000
32903;20/02/2023;59630;1;"MASSA CORRIDA PVA KOKAR 15KG";1,713;"MT 020- DENSIDADE";"1,70-1,75 ( G/CMÂ³)";476;"MASSA CORRIDA PVA KOKAR - SA";197;15,000;9,000
32900;20/02/2023;59628;1;"MASSA CORRIDA PVA KOKAR 15KG";1,743;"MT 020- DENSIDADE";"1,70-1,75 ( G/CMÂ³)";476;"MASSA CORRIDA PVA KOKAR - SA";197;15,000;9,000
32899;20/02/2023;59606;1;"MASSA CORRIDA PVA KOKAR 15KG";1,708;"MT 020- DENSIDADE";"1,70-1,75 ( G/CMÂ³)";476;"MASSA CORRIDA PVA KOKAR - SA";196;15,000;9,000
32897;20/02/2023;59605;1;"MASSA CORRIDA PVA KOKAR 15KG";1,716;"MT 020- DENSIDADE";"1,70-1,75 ( G/CMÂ³)";476;"MASSA CORRIDA PVA KOKAR - SA";195;15,000;9,000
32895;20/02/2023;59602;1;"MASSA CORRIDA PVA KOKAR 15KG";1,709;"MT 020- DENSIDADE";"1,70-1,75 ( G/CMÂ³)";476;"MASSA CORRIDA PVA KOKAR - SA";177;15,000;9,000
32901;20/02/2023;59629;1;"MASSA CORRIDA PVA KOKAR 15KG";1,709;"MT 020- DENSIDADE";"1,70-1,75 ( G/CMÂ³)";476;"MASSA CORRIDA PVA KOKAR - SA";198;15,000;9,000
32910;20/02/2023;59616;3121;"PREMIUM FOSCO 18L AZUL PROFUNDO";1,256;DENSIDADE;1,28-1,47;3110;"PREMIUM FOSCO AZUL PROFUNDO - SA";47;23,940;18,000
32909;20/02/2023;59618;2125;"STANDARD FS 18L AMARELO SOL ";1,310;"MT 020 - DENSIDADE";"1,30-1,34 G/ML";2094;"STANDARD FS AMARELO SOL - SA ";41;23,940;18,000
32911;20/02/2023;59611;2827;"STANDARD FS 18L TITANIO";1,220;DENSIDADE;1,22-1,25;2797;"STANDARD FS TITANIO - SA";91;22,320;18,000
32909;20/02/2023;59618;2126;"STANDARD FS 3,6L AMARELO SOL ";1,310;"MT 020 - DENSIDADE";"1,30-1,34 G/ML";2094;"STANDARD FS AMARELO SOL - SA ";13;4,788;3,600
32908;20/02/2023;59617;220;"STANDARD SB 18L AREIA";1,162;"MT 020- DENSIDADE";"1,15 - 1,18 G/CMÂ³";605;"STANDARD SB AREIA - SA";20;21,240;18,000
32908;20/02/2023;59617;243;"STANDARD SB 3,6L AREIA";1,162;"MT 020- DENSIDADE";"1,15 - 1,18 G/CMÂ³";605;"STANDARD SB AREIA - SA";17;4,248;3,600
32906;20/02/2023;59609;1859;"TINTA PISO KOKAR 18L CINZA ESCURO";1,246;"MT 020 - DENSIDADE";"1,24 - 1,26 G/CMÂ³";1858;"TINTA PISO KOKAR CINZA ESCURO - SA";86;22,500;18,000
32906;20/02/2023;59609;1860;"TINTA PISO KOKAR 3,6L CINZA ESCURO";1,246;"MT 020 - DENSIDADE";"1,24 - 1,26 G/CMÂ³";1858;"TINTA PISO KOKAR CINZA ESCURO - SA";43;4,500;3,600
32930;21/02/2023;59660;16;"ECONOMICO FOSCO 18L AMARELO CANARIO";1,330;"MT 020 - DENSIDADE";"1,32-1,37 (G/CMÂ³)";626;"ECONOMICO FOSCO AMARELO CANARIO - SA";22;24,300;18,000
32920;21/02/2023;59621;1619;"ESMALTE SINT BRILHANTE 0,9L VERM. GOYA";0,950;"MT 020 - DENSIDADE ";"0,94-1,00 (G/CMÂ³)";1542;"ESMALTE SINT BRILHANTE VERMELHO GOYA- SA";60;0,902;0,900
32920;21/02/2023;59621;1591;"ESMALTE SINT BRILHANTE 3,6L VERMELHO GOY";0,950;"MT 020 - DENSIDADE ";"0,94-1,00 (G/CMÂ³)";1542;"ESMALTE SINT BRILHANTE VERMELHO GOYA- SA";132;3,608;3,600
32926;21/02/2023;59614;990;"FIT ACR FS ECONOMICO 16L BRANCO GELO";1,340;"MT 020 - DENSIDADE";"1,33 - 1,37 G/CMÂ³";982;"FIT ACR ECONOMICO  BRANCO GELO - SA";216;21,520;16,000
32922;21/02/2023;59645;2704;"FIT ACR FS ECONOMICO 16L LILAS";1,340;DENSIDADE;"1,32-1,37 G/CM3";2694;"FIT ACR FS ECONOMICO LILAS - SA";39;21,440;16,000
32926;21/02/2023;59614;1012;"FIT ACR FS ECONOMICO 3,6L BRANCO GELO";1,340;"MT 020 - DENSIDADE";"1,33 - 1,37 G/CMÂ³";982;"FIT ACR ECONOMICO  BRANCO GELO - SA";100;4,842;3,600
32922;21/02/2023;59645;2699;"FIT ACR FS ECONOMICO 3,6L LILAS";1,340;DENSIDADE;"1,32-1,37 G/CM3";2694;"FIT ACR FS ECONOMICO LILAS - SA";40;4,824;3,600
32916;21/02/2023;59634;999;"FIT MASSA CORRIDA PVA 25KG";1,690;DENSIDADE;"1,70-1,75 (G/CMÂ³)";1000;"FIT MASSA CORRIDA PVA - SA";102;25,000;14,880
32925;21/02/2023;59639;1008;"FIT SELADOR ACRILICO KOKAR 16L";1,365;"MT 020 - DENSIDADE";"1,35 - 1,38 G/CMÂ³";1007;"FIT SELADOR ACRILICO - SA";228;21,600;16,000
32914;21/02/2023;59631;1;"MASSA CORRIDA PVA KOKAR 15KG";1,709;"MT 020- DENSIDADE";"1,70-1,75 ( G/CMÂ³)";476;"MASSA CORRIDA PVA KOKAR - SA";172;15,000;9,000
32915;21/02/2023;59632;1;"MASSA CORRIDA PVA KOKAR 15KG";1,713;"MT 020- DENSIDADE";"1,70-1,75 ( G/CMÂ³)";476;"MASSA CORRIDA PVA KOKAR - SA";200;15,000;9,000
32917;21/02/2023;59646;1;"MASSA CORRIDA PVA KOKAR 15KG";1,690;"MT 020- DENSIDADE";"1,70-1,75 ( G/CMÂ³)";476;"MASSA CORRIDA PVA KOKAR - SA";167;15,000;9,000
32927;21/02/2023;59655;103;"PREMIUM ACET SEDA 18L BRANCO NEVE";1,195;"MT 020 - DENSIDADE";"1,18-1,24 (G/CMÂ³)";498;"PREMIUM ACET SEDA BRANCO NEVE - SA";79;21,600;18,000
32927;21/02/2023;59655;104;"PREMIUM ACET SEDA 3,6L BRANCO NEVE";1,195;"MT 020 - DENSIDADE";"1,18-1,24 (G/CMÂ³)";498;"PREMIUM ACET SEDA BRANCO NEVE - SA";80;4,212;3,600
32928;21/02/2023;59659;3092;"PREMIUM FOSCO 18L TITANIO";1,230;MT020-DENSIDADE;1,21-1,26;3056;"PREMIUM FOSCO TITANIO - SA";41;23,400;18,000
32928;21/02/2023;59659;3157;"PREMIUM FOSCO 3,6L TITANIO";1,230;MT020-DENSIDADE;1,21-1,26;3056;"PREMIUM FOSCO TITANIO - SA";32;4,680;3,600
32929;21/02/2023;59656;2166;"STANDARD FS 18L AMARELO REAL ";1,318;"MT 020 - DENSIDADE";"1,30 -1,34";2161;"STANDARD FS AMARELO REAL - SA ";77;23,940;18,000
32929;21/02/2023;59656;2167;"STANDARD FS 3,6L AMARELO REAL ";1,318;"MT 020 - DENSIDADE";"1,30 -1,34";2161;"STANDARD FS AMARELO REAL - SA ";33;4,788;3,600
32924;21/02/2023;59191;3521;"STANDARD SB 18L ILHA DO TESOURO";1,094;"DENSIDADE ";1,10-1,15;3520;"STANDARD SB  ILHA DO TESOURO - SA";20;21,600;18,000
32923;21/02/2023;59642;379;"TINTA PISO KOKAR 18L CONCRETO";1,340;"MT 020 - DENSIDADE";"1,30 - 1,35 (G/CMÂ³)";721;"TINTA PISO KOKAR CONCRETO - SA";80;24,120;18,000
32921;21/02/2023;59640;382;"TINTA PISO KOKAR 18L PRETO";1,290;"MT 020 - DENSIDADE";"1,30 - 1,35 (G/CMÂ³)";724;"TINTA PISO KOKAR PRETO - SA";36;23,940;18,000
32923;21/02/2023;59642;391;"TINTA PISO KOKAR 3,6L CONCRETO";1,340;"MT 020 - DENSIDADE";"1,30 - 1,35 (G/CMÂ³)";721;"TINTA PISO KOKAR CONCRETO - SA";32;4,824;3,600
32921;21/02/2023;59640;394;"TINTA PISO KOKAR 3,6L PRETO";1,290;"MT 020 - DENSIDADE";"1,30 - 1,35 (G/CMÂ³)";724;"TINTA PISO KOKAR PRETO - SA";40;4,788;3,600
32945;22/02/2023;59619;1612;"ESMALTE SINT BRILHANTE 0,9L PRETO";0,968;"MT 020 - DENSIDADE ";"0,95 - 1,02 (G/CMÂ³)";1535;"ESMALTE SINT BRILHANTE PRETO - SA";300;0,873;0,900
32943;22/02/2023;59622;1573;"ESMALTE SINT BRILHANTE 3,6L BRANCO NEVE";1,044;"MT 020 - DENSIDADE ";"1,03 - 1,08 (G/CMÂ³)";1525;"ESMALTE SINT BRILHANTE BRANCO NEVE - SA";232;3,781;3,600
32945;22/02/2023;59619;1584;"ESMALTE SINT BRILHANTE 3,6L PRETO";0,968;"MT 020 - DENSIDADE ";"0,95 - 1,02 (G/CMÂ³)";1535;"ESMALTE SINT BRILHANTE PRETO - SA";173;3,528;3,600
32938;22/02/2023;59658;981;"FIT ACR FS ECONOMICO 16L BRANCO NEVE ";1,342;"MT 020 - DENSIDADE";"1,30- 1,35 G/CMÂ³";980;"FIT ACR ECONOMICO  BRANCO NEVE - SA";232;21,600;16,000
32935;22/02/2023;59683;999;"FIT MASSA CORRIDA PVA 25KG";1,690;DENSIDADE;"1,70-1,75 (G/CMÂ³)";1000;"FIT MASSA CORRIDA PVA - SA";103;25,000;14,880
32933;22/02/2023;59633;999;"FIT MASSA CORRIDA PVA 25KG";1,720;DENSIDADE;"1,70-1,75 (G/CMÂ³)";1000;"FIT MASSA CORRIDA PVA - SA";101;25,000;14,880
32939;22/02/2023;59662;1009;"FIT SELADOR ACRILICO 3,6L";1,368;"MT 020 - DENSIDADE";"1,35 - 1,38 G/CMÂ³";1007;"FIT SELADOR ACRILICO - SA";160;4,860;3,600
32939;22/02/2023;59662;1008;"FIT SELADOR ACRILICO KOKAR 16L";1,368;"MT 020 - DENSIDADE";"1,35 - 1,38 G/CMÂ³";1007;"FIT SELADOR ACRILICO - SA";203;21,600;16,000
32944;22/02/2023;59626;1645;"FUNDO E ACABAMENTO 18L AZUL FRANCA";1,080;"MT020- DENSIDADE 25ºC";1,05-1,10;1551;"FUNDO E ACABAMENTO AZUL FRANCA - SA";51;19,080;18,000
32944;22/02/2023;59626;1652;"FUNDO E ACABAMENTO 3,6L AZUL FRANCA";1,080;"MT020- DENSIDADE 25ºC";1,05-1,10;1551;"FUNDO E ACABAMENTO AZUL FRANCA - SA";3;3,816;3,600
32931;22/02/2023;59647;1;"MASSA CORRIDA PVA KOKAR 15KG";1,703;"MT 020- DENSIDADE";"1,70-1,75 ( G/CMÂ³)";476;"MASSA CORRIDA PVA KOKAR - SA";160;15,000;9,000
32942;22/02/2023;59676;3086;"PREMIUM FOSCO 18L ARAPONGA";1,443;DENSIDADE;1,28-1,47;3045;"PREMIUM FOSCO ARAPONGA - SA";10;25,200;18,000
32942;22/02/2023;59676;3147;"PREMIUM FOSCO 3,6L ARAPONGA";1,443;DENSIDADE;1,28-1,47;3045;"PREMIUM FOSCO ARAPONGA - SA";13;5,040;3,600
32941;22/02/2023;59657;2820;"STANDARD FS 18L CINZA PRATEADO";1,310;"DENSIDADE ";"1,25-1,30 G/CMÂ³";2792;"STANDARD FS CINZA PRATEADO - SA";77;23,400;18,000
32940;22/02/2023;59661;2149;"STANDARD FS 18L PEROLA ";1,315;"MT 020 - DENSIDADE";"1,32 -1,36";2106;"STANDARD FS  PEROLA - SA ";23;24,120;18,000
32941;22/02/2023;59657;2850;"STANDARD FS 3,6L CINZA PRATEADO";1,310;"DENSIDADE ";"1,25-1,30 G/CMÂ³";2792;"STANDARD FS CINZA PRATEADO - SA";34;4,680;3,600
32953;23/02/2023;59714;35;"ECONOMICO FOSCO 18L VERDE LIMAO";1,327;"MT 020 - DENSIDADE";"1,32 - 1,37 (G/CMÂ³)";645;"ECONOMICO FOSCO VERDE LIMAO - SA";64;23,580;18,000
32961;23/02/2023;59677;51;"ECONOMICO FOSCO 3,6L PALHA";1,326;"MT 020 - DENSIDADE";"1,32-1,37 (G/CMÂ³)";641;"ECONOMICO FOSCO  PALHA - SA";15;4,860;3,600
32953;23/02/2023;59714;55;"ECONOMICO FOSCO 3,6L VERDE LIMAO";1,327;"MT 020 - DENSIDADE";"1,32 - 1,37 (G/CMÂ³)";645;"ECONOMICO FOSCO VERDE LIMAO - SA";12;4,716;3,600
32963;23/02/2023;59665;1637;"ESMALTE SINT BRILHANTE 0,9L BRANCO NEVE";1,040;"MT 020 - DENSIDADE ";"1,03 - 1,08 (G/CMÂ³)";1525;"ESMALTE SINT BRILHANTE BRANCO NEVE - SA";202;0,945;0,900
32963;23/02/2023;59665;1573;"ESMALTE SINT BRILHANTE 3,6L BRANCO NEVE";1,040;"MT 020 - DENSIDADE ";"1,03 - 1,08 (G/CMÂ³)";1525;"ESMALTE SINT BRILHANTE BRANCO NEVE - SA";176;3,781;3,600
32959;23/02/2023;59674;981;"FIT ACR FS ECONOMICO 16L BRANCO NEVE ";1,341;"MT 020 - DENSIDADE";"1,30- 1,35 G/CMÂ³";980;"FIT ACR ECONOMICO  BRANCO NEVE - SA";213;21,600;16,000
32955;23/02/2023;59713;991;"FIT ACR FS ECONOMICO 16L PALHA";1,331;"MT 020 - DENSIDADE";"1,33 - 1,37 G/CMÂ³";983;"FIT ACR ECONOMICO  PALHA - SA";49;21,520;16,000
32959;23/02/2023;59674;1011;"FIT ACR FS ECONOMICO 3,6L BRANCO NEVE";1,341;"MT 020 - DENSIDADE";"1,30- 1,35 G/CMÂ³";980;"FIT ACR ECONOMICO  BRANCO NEVE - SA";100;4,860;3,600
32962;23/02/2023;59694;2562;"FUNDO E ACABAMENTO 18L PRETO";1,020;DENSIDADE;1,00-1,05;2561;"FUNDO E ACABAMENTO PRETO - SA";27;18,900;18,000
32962;23/02/2023;59694;2563;"FUNDO E ACABAMENTO 3,6L PRETO";1,020;DENSIDADE;1,00-1,05;2561;"FUNDO E ACABAMENTO PRETO - SA";1;3,780;3,600
32947;23/02/2023;59649;1;"MASSA CORRIDA PVA KOKAR 15KG";1,701;"MT 020- DENSIDADE";"1,70-1,75 ( G/CMÂ³)";476;"MASSA CORRIDA PVA KOKAR - SA";182;15,000;9,000
32949;23/02/2023;59650;1;"MASSA CORRIDA PVA KOKAR 15KG";1,690;"MT 020- DENSIDADE";"1,70-1,75 ( G/CMÂ³)";476;"MASSA CORRIDA PVA KOKAR - SA";163;15,000;9,000
32950;23/02/2023;59651;1;"MASSA CORRIDA PVA KOKAR 15KG";1,690;"MT 020- DENSIDADE";"1,70-1,75 ( G/CMÂ³)";476;"MASSA CORRIDA PVA KOKAR - SA";169;15,000;9,000
32958;23/02/2023;59673;170;"PREMIUM ACET SEDA 18L BRANCO GELO";1,156;"MT 020 - DENSIDADE";"1,15 - 1,18 (G/CMÂ³)";556;"PREMIUM ACET SEDA BRANCO GELO - SA";80;20,880;18,000
32958;23/02/2023;59673;175;"PREMIUM ACET SEDA 3,6L BRANCO GELO";1,156;"MT 020 - DENSIDADE";"1,15 - 1,18 (G/CMÂ³)";556;"PREMIUM ACET SEDA BRANCO GELO - SA";80;4,176;3,600
32960;23/02/2023;59679;269;"RESINA ACR BA KOKAR 18L CERAMICA ONIX";1,013;"MT 020 - DENSIDADE";"1,01 - 1,05 (G/CMÂ³)";646;"RESINA ACR BA KOKAR CERAMICA ONIX - SA";60;18,360;18,000
32960;23/02/2023;59679;276;"RESINA ACR BA KOKAR 3,6L CERAMICA ONIX";1,013;"MT 020 - DENSIDADE";"1,01 - 1,05 (G/CMÂ³)";646;"RESINA ACR BA KOKAR CERAMICA ONIX - SA";23;3,672;3,600
32954;23/02/2023;59672;2147;"STANDARD FS 18L PALHA ";1,322;"MT 020 - DENSIDADE";(1,32-1,36);2105;"STANDARD FS PALHA - SA ";78;24,120;18,000
32954;23/02/2023;59672;2148;"STANDARD FS 3,6L PALHA ";1,322;"MT 020 - DENSIDADE";(1,32-1,36);2105;"STANDARD FS PALHA - SA ";20;4,824;3,600
32956;23/02/2023;59710;1859;"TINTA PISO KOKAR 18L CINZA ESCURO";1,240;"MT 020 - DENSIDADE";"1,24 - 1,26 G/CMÂ³";1858;"TINTA PISO KOKAR CINZA ESCURO - SA";96;22,500;18,000
32957;23/02/2023;59712;379;"TINTA PISO KOKAR 18L CONCRETO";1,349;"MT 020 - DENSIDADE";"1,30 - 1,35 (G/CMÂ³)";721;"TINTA PISO KOKAR CONCRETO - SA";41;24,120;18,000
32964;23/02/2023;59696;1664;"VERNIZ FILTRO SOLAR 0,9L MOGNO";0,948;"MT 020 - DENSIDADE ";"0,90 - 0,95 (G/CMÂ³)";1663;"VERNIZ FILTRO SOLAR MOGNO KOKAR - SA";300;0,855;0,900
32964;23/02/2023;59696;1665;"VERNIZ FILTRO SOLAR 3,6L MOGNO";0,948;"MT 020 - DENSIDADE ";"0,90 - 0,95 (G/CMÂ³)";1663;"VERNIZ FILTRO SOLAR MOGNO KOKAR - SA";96;3,419;3,600
32978;24/02/2023;59699;1576;"ESMALTE SINT BRILHANTE 3,6L CINZA MEDIO";0,980;"MT 020 - DENSIDADE ";"0,94 - 1,00 (G/CMÂ³)";1527;"ESMALTE SINT BRILHANTE CINZA MEDIO - SA";244;3,600;3,600
32971;24/02/2023;59717;1008;"FIT SELADOR ACRILICO KOKAR 16L";1,370;"MT 020 - DENSIDADE";"1,35 - 1,38 G/CMÂ³";1007;"FIT SELADOR ACRILICO - SA";235;21,600;16,000
32965;24/02/2023;59652;1;"MASSA CORRIDA PVA KOKAR 15KG";1,693;"MT 020- DENSIDADE";"1,70-1,75 ( G/CMÂ³)";476;"MASSA CORRIDA PVA KOKAR - SA";157;15,000;9,000
32969;24/02/2023;59686;1;"MASSA CORRIDA PVA KOKAR 15KG";1,693;"MT 020- DENSIDADE";"1,70-1,75 ( G/CMÂ³)";476;"MASSA CORRIDA PVA KOKAR - SA";172;15,000;9,000
32970;24/02/2023;59687;1;"MASSA CORRIDA PVA KOKAR 15KG";1,693;"MT 020- DENSIDADE";"1,70-1,75 ( G/CMÂ³)";476;"MASSA CORRIDA PVA KOKAR - SA";155;15,000;9,000
32974;24/02/2023;59727;273;"RESINA ACR BA KOKAR 18L INCOLOR";0,996;"MT 020 - DENSIDADE";"1,00 - 1,03 (G/CMÂ³)";502;"RESINA ACR BA KOKAR INCOLOR - SA";30;18,000;18,000
32974;24/02/2023;59727;280;"RESINA ACR BA KOKAR 3,6L INCOLOR";0,996;"MT 020 - DENSIDADE";"1,00 - 1,03 (G/CMÂ³)";502;"RESINA ACR BA KOKAR INCOLOR - SA";83;3,600;3,600
32976;24/02/2023;59720;2829;"STANDARD FS 18L BARBANTE";1,320;DENSIDADE;"1,32-1,37 G/CM3";2799;"STANDARD FS BARBANTE - SA";21;24,300;18,000
32977;24/02/2023;59719;2119;"STANDARD FS 18L BRANCO NEVE";1,360;"MT 020 - DENSIDADE";"1,34-1,38 (G/CMÂ³)";2091;"STANDARD FS  BRANCO NEVE - SA ";174;24,480;18,000
32973;24/02/2023;59709;2170;"STANDARD FS 18L VERDE MUSGO ";1,265;"MT 020 - DENSIDADE";1,26-1,30;2163;"STANDARD FS VERDE MUSGO- SA";85;23,040;18,000
32976;24/02/2023;59720;2858;"STANDARD FS 3,6L BARBANTE";1,320;DENSIDADE;"1,32-1,37 G/CM3";2799;"STANDARD FS BARBANTE - SA";3;4,860;3,600
32977;24/02/2023;59719;2120;"STANDARD FS 3,6L BRANCO NEVE";1,360;"MT 020 - DENSIDADE";"1,34-1,38 (G/CMÂ³)";2091;"STANDARD FS  BRANCO NEVE - SA ";160;4,896;3,600
32973;24/02/2023;59709;2171;"STANDARD FS 3,6L VERDE MUSGO";1,265;"MT 020 - DENSIDADE";1,26-1,30;2163;"STANDARD FS VERDE MUSGO- SA";39;4,608;3,600
32972;24/02/2023;59722;107;"STANDARD SB 18L BRANCO NEVE";1,140;DENSIDADE;1,10-1,15;496;"STANDARD SB  BRANCO NEVE - SA";86;21,420;18,000
32972;24/02/2023;59722;108;"STANDARD SB 3,6L BRANCO NEVE";1,140;DENSIDADE;1,10-1,15;496;"STANDARD SB  BRANCO NEVE - SA";20;4,284;3,600
32975;24/02/2023;59675;378;"TINTA PISO KOKAR 18L CINZA";1,331;"MT 020 - DENSIDADE";"1,30 - 1,35 (G/CMÂ³)";720;"TINTA PISO KOKAR CINZA - SA";219;24,120;18,000
32961;27/02/2023;59677;31;"ECONOMICO FOSCO 18L PALHA";1,326;"MT 020 - DENSIDADE";"1,32-1,37 (G/CMÂ³)";641;"ECONOMICO FOSCO  PALHA - SA";42;24,300;18,000
32979;27/02/2023;59684;999;"FIT MASSA CORRIDA PVA 25KG";1,709;DENSIDADE;"1,70-1,75 (G/CMÂ³)";1000;"FIT MASSA CORRIDA PVA - SA";119;25,000;14,880
32980;27/02/2023;59685;999;"FIT MASSA CORRIDA PVA 25KG";1,720;DENSIDADE;"1,70-1,75 (G/CMÂ³)";1000;"FIT MASSA CORRIDA PVA - SA";119;25,000;14,880
32990;27/02/2023;59724;1009;"FIT SELADOR ACRILICO 3,6L";1,354;"MT 020 - DENSIDADE";"1,35 - 1,38 G/CMÂ³";1007;"FIT SELADOR ACRILICO - SA";160;4,860;3,600
32990;27/02/2023;59724;1008;"FIT SELADOR ACRILICO KOKAR 16L";1,354;"MT 020 - DENSIDADE";"1,35 - 1,38 G/CMÂ³";1007;"FIT SELADOR ACRILICO - SA";195;21,600;16,000
32989;27/02/2023;59705;1;"MASSA CORRIDA PVA KOKAR 15KG";1,707;"MT 020- DENSIDADE";"1,70-1,75 ( G/CMÂ³)";476;"MASSA CORRIDA PVA KOKAR - SA";195;15,000;9,000
32987;27/02/2023;59704;1;"MASSA CORRIDA PVA KOKAR 15KG";1,699;"MT 020- DENSIDADE";"1,70-1,75 ( G/CMÂ³)";476;"MASSA CORRIDA PVA KOKAR - SA";197;15,000;9,000
32983;27/02/2023;59702;1;"MASSA CORRIDA PVA KOKAR 15KG";1,713;"MT 020- DENSIDADE";"1,70-1,75 ( G/CMÂ³)";476;"MASSA CORRIDA PVA KOKAR - SA";196;15,000;9,000
32982;27/02/2023;59701;1;"MASSA CORRIDA PVA KOKAR 15KG";1,716;"MT 020- DENSIDADE";"1,70-1,75 ( G/CMÂ³)";476;"MASSA CORRIDA PVA KOKAR - SA";198;15,000;9,000
32981;27/02/2023;59648;1;"MASSA CORRIDA PVA KOKAR 15KG";1,690;"MT 020- DENSIDADE";"1,70-1,75 ( G/CMÂ³)";476;"MASSA CORRIDA PVA KOKAR - SA";197;15,000;9,000
32984;27/02/2023;59703;1;"MASSA CORRIDA PVA KOKAR 15KG";1,708;"MT 020- DENSIDADE";"1,70-1,75 ( G/CMÂ³)";476;"MASSA CORRIDA PVA KOKAR - SA";195;15,000;9,000
32988;27/02/2023;59707;969;"MASSA CORRIDA PVA KOKAR 20KG";1,716;"MT 020- DENSIDADE";"1,70-1,75 ( G/CMÂ³)";476;"MASSA CORRIDA PVA KOKAR - SA";147;20,000;12,000
32992;27/02/2023;59729;3097;"PREMIUM FOSCO 18L BEGE FAVORITO";1,330;DENSIDADE;"1,35 - 1,42 (G/CMÂ³)";3064;"PREMIUM FOSCO BEGE FAVORITO - SA";21;24,840;18,000
32991;27/02/2023;59711;2112;"STANDARD FS 18L BRANCO GELO ";1,348;"MT 020 - DENSIDADE";"1,32 - 1,36";2086;"STANDARD FS BRANCO GELO - SA ";203;24,300;18,000
32991;27/02/2023;59711;2113;"STANDARD FS 3,6L BRANCO GELO ";1,348;"MT 020 - DENSIDADE";"1,32 - 1,36";2086;"STANDARD FS BRANCO GELO - SA ";40;4,860;3,600
